date,nbikes,tmpc,relh,vsby,sknt,drct,holiday,PRCP,TAVG,dry day,phenomenon,weekday,daylight_hrs
2020-01-02,277.0,6.208333333333333,88.10374999999998,6.029166666666665,18.791666666666668,231.66666666666666,False,0.3,6.2,0,,Thursday,6.544736711609164
2020-01-12,1410.0,5.916666666666667,98.33958333333332,4.625833333333332,9.875,237.5,False,7.9,5.9,0,,Sunday,6.892115533681785
2020-01-13,1167.0,4.25,93.28958333333333,6.209999999999998,10.0,195.41666666666666,False,1.0,4.2,0,,Monday,6.936836024555344
2020-01-14,955.0,6.958333333333333,90.81124999999999,5.496666666666665,16.916666666666668,190.0,False,3.3,6.7,0,Light rain,Tuesday,6.983195146470122
2020-01-15,942.0,7.583333333333333,89.51416666666664,5.967083333333331,17.083333333333332,226.25,False,5.1,7.7,0,,Wednesday,7.03114670551765
2020-01-16,1095.0,6.458333333333333,88.92124999999999,6.209999999999998,15.083333333333334,214.16666666666666,False,0.5,6.6,0,,Thursday,7.080644285316608
2020-01-17,1126.0,6.541666666666665,89.4908333333333,5.561249999999998,9.666666666666666,178.75,False,0.0,6.5,1,,Friday,7.131641381112902
2020-01-18,321.0,5.708333333333333,93.39125,6.132499999999999,13.416666666666666,241.66666666666666,False,0.8,5.9,0,,Saturday,7.184091525960697
2020-01-19,381.0,4.416666666666667,81.03625000000002,6.209999999999998,7.5,291.6666666666667,False,2.5,4.3,0,,Sunday,7.237948408727163
2020-01-20,1163.0,6.249999999999999,92.0445833333333,6.209999999999998,14.625,252.5,False,0.0,6.1,1,,Monday,7.293165983769169
2020-01-21,1085.0,6.833333333333333,88.06374999999998,5.925833333333332,19.291666666666668,263.3333333333333,False,0.5,6.9,0,,Tuesday,7.349698572224487
2020-01-22,1090.0,4.416666666666666,87.08625000000002,5.116249999999998,8.875,263.75,False,0.3,4.6,0,,Wednesday,7.407500954947876
2020-01-23,1040.0,5.791666666666667,97.47958333333331,4.468749999999999,13.916666666666666,249.58333333333334,False,0.8,5.6,0,,Thursday,7.466528457195224
2020-01-24,930.0,6.083333333333333,94.78874999999998,5.907499999999999,13.5,254.16666666666666,False,1.5,6.2,0,,Friday,7.526737025225273
2020-01-25,368.0,5.541666666666667,94.43625000000002,5.7087499999999975,10.625,245.0,False,0.0,5.6,1,Light drizzle,Saturday,7.588083295043448
2020-01-26,324.0,5.291666666666667,95.82499999999997,5.344583333333333,11.75,213.33333333333334,False,0.3,5.4,0,,Sunday,7.650524653555946
2020-01-27,908.0,5.791666666666667,93.38624999999996,4.627083333333332,10.375,178.33333333333334,False,0.0,5.7,1,Light rain,Monday,7.714019292441432
2020-01-28,882.0,5.083333333333333,95.5270833333333,4.780833333333332,10.333333333333334,150.83333333333334,False,1.5,5.2,0,Light rain,Tuesday,7.778526255073098
2020-01-29,914.0,5.208333333333333,90.53958333333331,6.209999999999998,13.291666666666666,253.75,False,1.8,5.3,0,Light rain,Wednesday,7.844005476846378
2020-01-30,868.0,4.416666666666667,96.89791666666667,4.588333333333333,5.25,152.5,False,1.3,4.4,0,Light rain,Thursday,7.910417819281555
2020-01-31,801.0,6.833333333333333,95.09583333333332,4.435833333333332,11.583333333333334,245.83333333333334,False,0.0,6.8,1,,Friday,7.977725098276632
2020-02-01,628.0,7.583333333333333,94.84375,5.149583333333331,19.166666666666668,240.83333333333334,False,1.0,7.7,0,,Saturday,8.045890106891544
2020-02-02,333.0,4.625,77.29375,6.209999999999998,12.958333333333334,279.5833333333333,False,0.8,4.5,0,,Sunday,8.114876633040168
2020-02-12,1409.0,4.5,82.52375,6.209999999999998,16.291666666666668,260.4166666666667,False,14.5,4.4,0,,Wednesday,8.84268407854898
2020-02-13,1523.0,2.875,91.01291666666667,6.209999999999998,6.625,180.41666666666666,False,1.5,2.9,0,,Thursday,8.918607102579276
2020-02-14,1264.0,3.25,91.10291666666667,5.46833333333333,6.125,140.83333333333334,False,0.0,3.0,1,,Friday,8.99499572131123
2020-02-15,244.0,7.083333333333333,96.41333333333334,4.418749999999999,14.625,192.91666666666666,False,0.5,6.9,0,None rain,Saturday,9.071826573702548
2020-02-16,156.0,8.583333333333334,88.15833333333335,5.50458333333333,23.916666666666668,218.33333333333334,False,13.7,8.6,0,,Sunday,9.149077191839089
2020-02-17,992.0,6.833333333333333,83.50208333333332,5.4608333333333325,25.583333333333332,234.58333333333334,False,7.9,6.8,0,,Monday,9.226725979326783
2020-02-18,1115.0,5.458333333333333,86.54625000000003,5.56333333333333,18.291666666666668,240.0,False,1.8,5.6,0,Light rain,Tuesday,9.304752188820554
2020-02-19,1277.0,4.833333333333333,90.21041666666666,6.209999999999998,8.458333333333334,249.58333333333334,False,4.3,4.8,0,,Wednesday,9.383135898821696
2020-02-20,913.0,5.333333333333333,93.31458333333332,5.504166666666666,14.666666666666666,198.33333333333334,False,0.3,5.3,0,,Thursday,9.461857989864907
2020-02-21,917.0,5.708333333333335,87.11708333333333,5.775416666666665,20.625,245.0,False,6.4,5.7,0,,Friday,9.540900120204434
2020-02-22,160.0,6.416666666666667,84.24249999999999,5.209583333333331,26.208333333333332,245.41666666666666,False,8.4,6.6,0,,Saturday,9.620244701095288
2020-02-23,244.0,5.5,76.0425,6.209999999999998,18.25,270.8333333333333,False,4.1,5.5,0,,Sunday,9.699874871759096
2020-02-24,1486.0,4.083333333333333,81.64250000000001,6.209999999999998,9.541666666666666,223.75,False,0.0,4.1,1,Light rain,Monday,9.779774474110646
2020-02-25,1233.0,2.9583333333333335,94.62666666666668,4.981249999999998,8.916666666666666,155.0,False,9.7,3.0,0,Light rain,Tuesday,9.859928027314883
2020-02-26,1395.0,0.7916666666666661,78.84916666666668,6.003333333333331,6.541666666666667,79.16666666666667,False,3.8,0.9,0,,Wednesday,9.94032070223567
2020-02-27,774.0,-0.4583333333333333,90.67291666666667,5.589166666666664,4.416666666666667,110.41666666666667,False,0.0,-0.5,1,Light rain,Thursday,10.020938295827943
2020-02-28,818.0635696821516,3.2499999999999987,89.72874999999999,5.927916666666665,7.333333333333333,226.25,False,3.8,3.1,0,,Friday,10.101767205521389
2020-02-29,818.0635696821516,4.249999999999999,93.29249999999998,5.494166666666665,14.875,142.08333333333334,False,0.0,4.2,1,,Saturday,10.182794403633416
2020-03-01,723.0,4.791666666666666,85.90625000000001,6.209999999999998,16.416666666666668,205.0,False,9.4,4.8,0,,Sunday,10.26400741184722
2020-03-02,1612.0,4.291666666666666,86.11875000000002,6.209999999999998,7.625,162.08333333333334,False,1.8,4.4,0,,Monday,10.3453942757819
2020-03-03,1407.0,3.9583333333333335,95.46999999999998,5.51208333333333,8.5,99.16666666666667,False,0.3,4.0,0,,Tuesday,10.426943539678703
2020-03-12,1306.0,5.041666666666667,88.19291666666668,5.744999999999997,19.125,247.5,False,14.0,5.1,0,,Thursday,11.166519399310515
2020-04-01,360.0,6.708333333333333,79.87166666666667,5.961666666666666,16.875,272.9166666666667,False,0.0,6.7,1,,Wednesday,12.823154873094627
2020-04-02,1526.0,5.666666666666667,76.67458333333333,6.209999999999998,22.541666666666668,258.75,False,0.0,5.7,1,,Thursday,12.905729312790104
2020-04-03,1558.0,4.541666666666667,64.78166666666668,6.209999999999998,18.041666666666668,280.0,False,1.8,4.6,0,,Friday,12.98822710931751
2020-04-12,1133.0,8.125,79.36708333333334,5.392916666666665,15.041666666666666,265.0,False,5.1,8.0,0,,Sunday,13.725828498272971
2020-05-01,297.0,8.166666666666666,84.95458333333335,4.490416666666665,5.041666666666667,112.08333333333333,False,13.2,8.1,0,,Friday,15.22334757395443
2020-05-02,1459.0,8.625,88.02374999999999,5.928333333333332,4.5,179.16666666666666,False,6.9,8.7,0,,Saturday,15.29833144670708
2020-05-03,1610.0,9.041666666666666,76.88874999999999,6.209999999999998,10.916666666666666,273.3333333333333,False,0.0,9.2,1,,Sunday,15.37277740541758
2020-05-12,359.0,6.083333333333333,65.58416666666666,6.209999999999998,12.666666666666666,267.0833333333333,False,0.0,6.2,1,,Tuesday,16.0138004304789
2020-06-01,1170.0,18.125,50.89916666666667,6.209999999999998,3.0833333333333335,174.4759478375056,False,0.0,18.2,1,,Monday,17.145634666252565
2020-06-02,1485.0,17.125,60.48083333333333,6.209999999999998,5.291666666666667,253.33333333333334,False,0.0,16.9,1,,Tuesday,17.187159597683436
2020-06-03,1320.0,16.416666666666668,69.38125000000001,6.209999999999998,5.416666666666667,168.75,False,0.0,16.5,1,,Wednesday,17.22691564143683
2020-06-12,345.0,18.041666666666668,66.52500000000002,6.209999999999998,9.958333333333334,69.16666666666667,False,0.0,18.0,1,,Friday,17.49827126904398
2020-07-01,1136.0,15.75,78.98125,6.209999999999998,12.583333333333334,257.5,False,6.6,15.7,0,,Wednesday,17.49296822423396
2020-07-02,1341.0,14.5,64.71375,6.209999999999998,13.333333333333334,274.1666666666667,False,0.8,14.5,0,,Thursday,17.470424918263866
2020-07-03,337.0,13.916666666666666,71.11541666666669,6.132499999999998,11.791666666666666,228.75,False,0.0,13.8,1,Light rain,Friday,17.445774366073774
2020-07-12,1301.0,14.291666666666666,74.85458333333332,6.209999999999998,15.0,272.0833333333333,False,0.0,14.2,0,,Sunday,17.13498227235338
2020-08-01,1034.0,18.625,76.25708333333334,5.774166666666665,9.416666666666666,117.08333333333333,False,0.0,18.5,1,,Saturday,15.996811571834638
2020-08-02,319.0,15.875,85.79750000000001,6.003333333333331,12.0,253.33333333333334,False,0.0,16.2,1,,Sunday,15.928334304435777
2020-08-03,251.0,14.958333333333334,79.17583333333333,6.209999999999998,10.666666666666666,272.0833333333333,False,0.0,14.9,1,,Monday,15.859048839759367
2020-08-12,1320.0,19.875,71.32083333333333,6.209999999999998,8.208333333333334,105.0,False,0.0,20.1,1,,Wednesday,15.204520629167275
2020-09-01,980.0,13.708333333333334,72.45833333333333,6.209999999999998,3.4583333333333335,86.25,False,0.0,13.7,1,,Tuesday,13.62404318156145
2020-09-02,142.0,14.541666666666666,73.49833333333332,5.298333333333331,4.083333333333333,106.66666666666667,False,0.0,14.7,1,None mist,Wednesday,13.542435873686125
2020-09-12,1279.0,13.791666666666666,85.88166666666667,5.866249999999998,13.625,236.25,False,1.8,13.8,0,,Saturday,12.719840900463714
2020-10-01,936.0,13.958333333333334,86.98541666666667,6.080833333333331,13.666666666666666,107.08333333333333,False,0.0,13.9,1,,Thursday,11.145871230549545
2020-10-02,1080.0,15.416666666666666,84.36416666666666,5.925833333333332,16.375,92.5,False,1.5,15.4,0,,Friday,11.063324605326816
2020-10-12,1175.0,8.791666666666666,90.29125,6.184166666666666,6.5,219.58333333333334,False,0.5,8.7,0,,Monday,10.243687402567666
2020-11-01,317.0,11.416666666666666,90.83666666666669,5.464999999999997,11.75,180.0,False,2.8,11.3,0,Light rain,Sunday,8.673686852742879
2020-11-02,1137.0,13.625,91.48333333333333,5.770416666666665,20.333333333333332,223.75,False,4.1,13.7,0,Light rain,Monday,8.599449521679864
2020-11-12,1010.0,7.833333333333333,94.27875,5.176666666666665,10.458333333333334,130.0,False,0.0,7.8,1,,Thursday,7.89372935834668
2020-11-23,1293.0,7.291666666666667,86.25083333333332,6.209999999999998,11.416666666666666,255.41666666666666,False,3.6,7.3,0,,Monday,7.224354829995593
2020-11-24,1269.0,9.166666666666666,94.10083333333331,4.671666666666664,13.583333333333334,226.66666666666666,False,1.8,9.1,0,,Tuesday,7.170845302763501
2020-11-25,1448.0,8.708333333333334,90.60250000000002,4.78625,10.916666666666666,204.58333333333334,False,2.3,8.8,0,,Wednesday,7.118754070484718
2020-11-26,1420.0,5.916666666666667,91.46208333333334,5.809166666666665,5.541666666666667,237.08333333333334,False,0.8,6.2,0,,Thursday,7.068127493854389
2020-11-27,1269.0,0.24999999999999964,98.85625,1.7283333333333328,0.75,50.833333333333336,False,0.0,0.6,1,None fog,Friday,7.01901206065626
2020-11-28,396.0,0.6249999999999994,97.42791666666669,3.108333333333333,2.5416666666666665,76.25,False,0.0,0.6,0,,Saturday,6.971454265695221
2020-11-29,333.0,1.791666666666667,89.82458333333331,6.209999999999998,3.4166666666666665,131.66666666666666,False,0.0,1.7,1,,Sunday,6.925500482608335
2020-11-30,1324.0,2.0416666666666665,92.05666666666667,5.136666666666666,8.541666666666666,183.33333333333334,False,0.0,2.1,1,Light rain,Monday,6.88119682783859
2020-12-01,340.0,3.625,97.15833333333335,4.027499999999999,4.0,81.66666666666667,False,6.6,3.6,0,,Tuesday,6.838589017174474
2020-12-02,1355.0,4.166666666666667,90.39125000000003,4.653333333333333,6.0,139.58333333333334,False,0.0,4.2,1,,Wednesday,6.797722215381162
2020-12-12,341.0,4.291666666666667,93.57583333333332,5.848333333333332,8.958333333333334,87.91666666666667,False,0.8,4.3,0,,Saturday,6.49402556018342
2020-12-13,328.0,4.5,85.97166666666669,6.209999999999998,6.375,119.16666666666667,False,1.0,4.5,0,Light rain,Sunday,6.47496864370452
2020-12-14,626.0,6.0,91.78000000000002,5.814583333333332,13.5,150.83333333333334,False,0.3,5.9,0,,Monday,6.458091485187639
2020-12-15,691.0,7.375,97.8,4.452916666666667,7.375,196.66666666666666,False,3.6,7.6,0,None mist,Tuesday,6.443417014567896
2020-12-16,701.0,6.125,96.94791666666667,4.582499999999999,6.5,187.08333333333334,False,0.0,6.1,1,,Wednesday,6.430965372525038
2020-12-17,589.0,6.708333333333333,97.78333333333332,4.837916666666665,10.5,187.08333333333334,False,0.8,6.7,0,,Thursday,6.4207537989281525
2020-12-18,602.0,7.583333333333332,93.95750000000004,6.184166666666665,11.541666666666666,198.75,False,5.1,7.6,0,,Friday,6.4127965359195604
2020-12-19,377.0,6.25,92.02666666666664,5.615833333333334,9.041666666666666,158.75,False,0.3,6.2,0,,Saturday,6.407104746853649
2020-12-20,316.0,7.875,91.86416666666668,6.158333333333332,9.541666666666666,177.08333333333334,False,0.0,7.9,1,Light rain,Sunday,6.403686452126468
2020-12-21,480.0,5.999999999999999,93.07208333333334,6.209999999999998,9.375,178.33333333333334,False,0.0,6.1,1,Light rain,Monday,6.4025464827281064
2020-12-22,424.0,6.416666666666665,92.08416666666666,5.5974999999999975,12.083333333333334,215.0,False,5.1,6.4,0,,Tuesday,6.403686452126467
2020-12-23,379.0,4.624999999999999,92.31541666666668,5.277083333333331,7.875,233.75,False,0.5,4.7,0,None fog,Wednesday,6.407104746853648
2020-12-24,141.0,1.3333333333333333,86.13291666666669,5.143749999999998,5.458333333333333,166.66666666666666,True,0.3,1.5,0,,Thursday,6.412796535919556
2020-12-25,129.0,-0.41666666666666713,80.56916666666666,6.209999999999998,3.4583333333333335,282.9166666666667,True,0.0,-0.4,1,,Friday,6.420753798928146
2020-12-26,135.0,3.3333333333333326,95.14500000000002,5.708333333333332,11.083333333333334,196.66666666666666,True,0.3,3.2,0,Light rain,Saturday,6.43096537252503
2020-12-27,112.0,4.333333333333333,90.28333333333332,6.132499999999999,20.458333333333332,165.83333333333334,False,4.3,4.4,0,Light rain,Sunday,6.4434170145679
2020-12-28,209.0,3.2083333333333326,93.4554166666667,6.209999999999998,9.916666666666666,131.66666666666666,False,4.6,3.2,0,,Monday,6.458091485187628
2020-12-29,262.0,3.75,97.73000000000002,4.597083333333332,5.166666666666667,66.66666666666667,False,4.3,3.8,0,,Tuesday,6.47496864370451
2020-12-30,416.0,2.9583333333333335,98.86291666666666,4.995416666666665,3.7083333333333335,87.5,False,3.6,3.0,0,Light rain,Wednesday,6.49402556018341
2020-12-31,249.0,3.041666666666666,98.57499999999999,3.8387499999999997,2.7083333333333335,230.41666666666666,True,0.0,3.2,1,None fog,Thursday,6.515236640258757
2021-01-01,215.0,1.583333333333333,99.13541666666667,2.9437499999999996,1.5,64.16666666666667,True,1.3,1.6,0,None mist,Friday,6.538573761736968
2021-01-02,437.0,0.33333333333333276,97.09958333333334,4.046249999999999,2.4583333333333335,42.916666666666664,False,0.3,0.2,0,,Saturday,6.564006421390822
2021-01-04,335.0,0.4583333333333326,82.65208333333335,5.646249999999998,8.25,47.5,True,0.0,0.4,0,Light snow,Monday,6.6210253760666395
2021-01-05,414.0,1.2083333333333333,89.26124999999998,6.209999999999998,7.958333333333333,34.583333333333336,False,0.0,1.2,0,,Tuesday,6.652540190218166
2021-01-06,1221.0,0.2916666666666662,87.23458333333333,4.938333333333332,10.166666666666666,31.666666666666668,False,0.0,0.3,1,Light snow,Wednesday,6.686007919174044
2021-01-13,385.0,0.7083333333333326,85.55541666666664,5.594583333333332,11.083333333333334,89.58333333333333,False,2.5,0.8,0,,Wednesday,6.971454265695193
2021-01-14,374.0,-1.666666666666667,84.93958333333336,6.209999999999998,7.833333333333333,52.083333333333336,False,0.0,-1.6,1,,Thursday,7.019012060656233
2021-01-15,394.0,-2.7916666666666665,82.33041666666666,6.209999999999998,2.875,195.41666666666666,False,0.0,-2.8,1,,Friday,7.0681274938543615
2021-01-16,212.0,-5.833333333333333,92.53374999999998,5.822499999999998,1.4583333333333333,78.75,False,0.0,-6.1,1,,Saturday,7.11875407048469
2021-01-17,203.0,-1.2083333333333333,89.86958333333331,6.106666666666666,4.583333333333333,126.25,False,0.3,-1.3,0,,Sunday,7.170845302763472
2021-01-18,364.0,-0.041666666666667185,97.35791666666665,3.239999999999999,5.666666666666667,176.25,False,0.0,-0.1,1,,Monday,7.224354829995607
2021-01-19,365.0,1.2916666666666663,99.71416666666669,3.847499999999999,5.083333333333333,137.08333333333334,False,3.8,1.3,0,None mist,Tuesday,7.279236530341671
2021-01-20,326.0,4.958333333333333,98.62875000000001,4.015416666666666,11.916666666666666,165.83333333333334,False,4.3,4.8,0,Light drizzle,Wednesday,7.335444624206412
2021-01-21,395.0,5.125,85.22791666666667,5.827499999999998,18.541666666666668,180.0,False,9.9,5.4,0,,Thursday,7.3929337692563255
2021-01-22,391.0,4.458333333333333,89.01583333333336,5.925833333333332,17.375,210.83333333333334,False,4.6,4.4,0,,Friday,7.451659147153179
2021-01-23,273.0,2.25,92.36333333333334,5.848333333333332,7.958333333333333,181.25,False,4.6,2.3,0,,Saturday,7.511576542157771
2021-01-24,268.0,0.6666666666666662,97.6825,1.3779166666666667,2.5833333333333335,161.66666666666666,False,0.0,0.7,1,None mist,Sunday,7.572642411814004
2021-01-25,505.0,0.2499999999999997,93.80083333333334,3.8170833333333327,2.0,159.58333333333334,False,0.0,0.3,1,None fog,Monday,7.634813949973572
2021-01-26,494.0,-1.125,98.24291666666666,3.8383333333333325,3.1666666666666665,177.91666666666666,False,0.0,-0.9,1,,Tuesday,7.6980491424575765
2021-01-27,369.0,-0.25000000000000044,97.69291666666668,4.188749999999998,3.2083333333333335,242.08333333333334,False,0.5,-0.2,0,,Wednesday,7.762306815683312
2021-01-28,477.0,-1.9583333333333333,81.62291666666668,6.158333333333331,3.125,186.25,False,4.3,-1.9,0,,Thursday,7.827546678606942
2021-01-29,392.0,-3.3333333333333335,86.2304166666667,6.209999999999998,4.333333333333333,32.5,False,0.3,-3.4,0,,Friday,7.8937293583466435
2021-01-30,234.0,-1.7916666666666663,92.46750000000002,6.080833333333332,6.125,203.75,False,0.0,-1.5,1,,Saturday,7.960816429862939
2021-01-31,241.0,-2.083333333333333,89.37666666666667,6.209999999999998,3.9166666666666665,235.0,False,0.3,-2.2,0,Light snow,Sunday,8.028770440074208
2021-02-01,252.0,-0.666666666666667,94.25541666666663,4.8024999999999975,3.9166666666666665,161.66666666666666,False,0.5,-0.6,0,None fog,Monday,8.097554926786417
2021-02-02,424.0,-2.625,91.79125,3.697083333333332,3.2083333333333335,50.72594783750558,False,0.5,-2.7,0,,Tuesday,8.167134432811634
2021-02-04,289.0,-4.208333333333333,76.48083333333335,6.209999999999998,9.916666666666666,53.333333333333336,True,0.0,-4.3,1,,Thursday,8.308541753022054
2021-02-05,412.0,-5.416666666666667,78.14375000000001,6.209999999999998,8.75,62.083333333333336,False,0.0,-5.4,1,,Friday,8.380303744803294
2021-02-06,1166.0,-4.875,74.16958333333334,6.209999999999998,10.291666666666666,61.666666666666664,False,0.0,-4.9,1,,Saturday,8.452729111338705
2021-02-13,225.0,-6.125,82.81416666666667,6.209999999999998,2.6666666666666665,157.91666666666666,False,0.0,-3.7,0,,Saturday,8.975856210107557
2021-02-14,215.0,-3.7083333333333335,71.90291666666668,6.209999999999998,4.5,176.25,False,0.0,-3.9,1,,Sunday,9.05257864497688
2021-02-15,319.0,-0.5416666666666671,76.66958333333334,5.410416666666664,10.666666666666666,143.75,False,0.0,-0.6,1,Light snow,Monday,9.129726380004817
2021-02-16,305.0,-0.8333333333333335,94.70791666666668,4.101666666666667,7.916666666666667,125.83333333333333,False,0.3,-0.9,0,Light ice pellets,Tuesday,9.207277602992933
2021-02-17,290.0,0.49999999999999917,97.09583333333332,4.07125,10.166666666666666,103.75,False,13.7,0.4,0,Light rain,Wednesday,9.285211356482783
2021-02-18,316.0,1.7916666666666663,100.0,1.8029166666666667,12.958333333333334,126.25,False,4.6,1.8,0,None mist,Thursday,9.36350751472423
2021-02-19,392.0,3.4583333333333335,95.80333333333336,5.25833333333333,7.166666666666667,205.41666666666666,False,6.1,3.0,0,Light rain,Friday,9.442146760005727
2021-02-19,275.0,6.583333333333333,87.40666666666665,6.209999999999998,8.625,155.41666666666666,False,6.1,3.0,0,Light rain,Friday,9.442146760005727
2021-02-21,313.0,6.0,90.31374999999998,4.994583333333332,3.7916666666666665,136.25,False,0.0,4.8,1,None fog,Sunday,9.600381135411135
2021-02-22,484.0,4.5,90.53708333333333,3.926666666666666,5.458333333333333,132.91666666666666,False,0.0,4.5,1,,Monday,9.679941450467545
2021-02-23,503.0,5.166666666666667,96.9925,2.9504166666666656,7.5,206.25,False,0.0,5.1,1,,Tuesday,9.759775172244375
2021-02-24,488.0,8.416666666666666,85.82833333333336,6.209999999999998,13.583333333333334,216.66666666666666,False,0.0,8.4,1,,Wednesday,9.839866652986686
2021-02-25,501.0,6.75,90.13,6.080833333333332,13.333333333333334,235.0,False,0.3,6.8,0,,Thursday,9.92020090303258
2021-02-26,480.0,6.0,88.13416666666667,6.209999999999998,13.958333333333334,282.9166666666667,False,0.0,6.1,1,,Friday,10.000763565216278
2021-02-27,341.0,4.208333333333333,93.87583333333333,4.411666666666665,8.416666666666666,258.75,False,0.0,4.2,1,,Saturday,10.081540889249531
2021-02-28,358.0,4.541666666666667,91.90958333333333,5.791249999999998,9.041666666666666,252.08333333333334,False,0.5,4.7,0,,Sunday,10.162519706123238
2021-03-01,285.0,4.416666666666667,94.43791666666668,6.029166666666665,11.875,265.4166666666667,False,0.0,4.4,1,,Monday,10.243687402567621
2021-03-02,404.0,3.4166666666666665,93.01458333333336,5.602499999999998,7.458333333333333,261.6666666666667,False,0.3,3.4,0,None mist,Tuesday,10.325031895595448
2021-03-04,352.0,0.9583333333333334,72.07999999999998,5.446249999999998,5.875,161.66666666666666,False,0.0,1.1,1,,Thursday,10.488205438934266
2021-03-05,1007.0,0.12499999999999982,73.99,6.158333333333332,3.0416666666666665,174.16666666666666,False,0.0,0.3,1,,Friday,10.57001274725716
2021-03-06,959.0,4.083333333333333,82.43916666666671,6.209999999999998,17.375,275.0,False,0.3,3.9,0,,Saturday,10.65195331821315
2021-03-15,818.0635696821516,3.7083333333333335,86.96458333333334,5.708749999999998,7.958333333333333,257.0833333333333,False,7.6,3.8,0,,Monday,11.39391116341044
2021-03-16,818.0635696821516,2.75,83.07624999999999,4.838749999999998,2.2916666666666665,154.05928117083891,False,0.0,2.6,1,,Tuesday,11.476699674336045
2021-03-17,818.0635696821516,3.041666666666666,72.36958333333335,6.184166666666665,4.416666666666667,207.5,False,0.0,3.1,1,,Wednesday,11.559530505793479
2021-03-18,818.0635696821516,1.7916666666666663,77.44458333333334,6.209999999999998,3.1666666666666665,254.16666666666666,False,0.0,1.7,1,,Thursday,11.642396719626234
2021-03-19,818.0635696821516,1.9583333333333333,62.32916666666667,6.209999999999998,6.5,164.58333333333334,False,0.0,1.9,0,,Friday,11.725291498524548
2021-03-20,818.0635696821516,5.625,84.55416666666666,5.940833333333331,15.958333333333334,264.5833333333333,False,0.0,5.4,1,,Saturday,11.80820812316813
2021-03-21,818.0635696821516,5.375,64.38875,6.209999999999998,6.916666666666667,320.4166666666667,False,0.3,5.4,0,,Sunday,11.891139949436479
2021-03-22,538.0,4.75,87.0775,6.209999999999998,10.458333333333334,274.8926145041723,False,0.0,4.8,1,,Monday,11.974080385671964
2021-03-23,695.0,5.833333333333333,88.3175,6.209999999999998,12.208333333333334,247.91666666666666,False,0.0,5.8,1,,Tuesday,12.05702286998081
2021-03-24,710.0,7.333333333333333,85.77,4.955833333333331,13.916666666666666,237.08333333333334,False,0.3,7.3,0,,Wednesday,12.139960847554175
2021-03-25,703.0,6.416666666666667,85.34958333333334,5.405833333333331,10.875,225.41666666666666,False,0.0,6.4,1,,Thursday,12.222887747995346
2021-03-26,661.0,7.75,82.35041666666669,5.744999999999998,11.083333333333334,187.5,False,0.0,7.7,1,Light rain,Friday,12.305796962634794
2021-03-27,272.0,5.75,87.05291666666669,5.925833333333332,10.458333333333334,252.5,False,0.8,5.8,0,,Saturday,12.388681821819041
2021-03-28,243.0,6.416666666666667,91.48375,4.8374999999999995,13.708333333333334,228.75,False,4.8,6.4,0,Light rain,Sunday,12.4715355721558
2021-03-29,492.0,8.791666666666666,95.12874999999998,4.976249999999998,17.041666666666668,236.66666666666666,False,5.1,8.8,0,,Monday,12.554351353700465
2021-03-30,607.0,10.291666666666668,86.43583333333335,6.209999999999998,16.208333333333332,242.91666666666666,False,0.5,10.3,0,,Tuesday,12.637122177069399
2021-03-31,614.0,8.833333333333334,87.02708333333335,5.357499999999998,10.25,258.3333333333333,False,0.0,8.9,1,Light rain,Wednesday,12.71984090046367
2021-04-01,492.0,6.375,73.43416666666667,6.209999999999998,7.708333333333333,196.25,False,1.3,6.4,0,,Thursday,12.802500206591235
2021-04-02,431.0,6.333333333333333,69.42666666666663,6.209999999999998,6.75,295.0,False,0.0,6.3,1,,Friday,12.885092579472598
2021-04-04,197.0,6.041666666666667,85.23625,5.982499999999999,20.791666666666668,252.91666666666666,True,0.0,6.1,1,,Sunday,13.050045328067117
2021-04-05,637.0,3.25,57.23916666666667,6.080833333333331,15.958333333333334,300.0,False,2.3,3.6,0,,Monday,13.132389467774656
2021-04-06,1074.0,4.125,61.56916666666667,6.209999999999998,11.833333333333334,292.5,False,2.3,4.1,0,,Tuesday,13.214634154843079
2021-04-13,833.0,4.083333333333333,70.99500000000002,6.209999999999998,6.5,272.9166666666667,False,0.5,4.2,0,,Tuesday,13.786771839657233
2021-04-14,860.0,3.75,66.88458333333334,6.132499999999999,2.6666666666666665,175.5111768458501,False,0.0,3.8,1,,Wednesday,13.867870150165393
2021-04-15,881.0,5.25,65.43166666666669,6.209999999999998,5.083333333333333,132.08333333333334,False,0.0,5.0,1,,Thursday,13.948774914634303
2021-04-16,881.0,6.333333333333333,63.340833333333336,6.209999999999998,5.125,99.89261450417224,False,0.0,6.1,1,,Friday,14.029473314380233
2021-04-17,424.0,9.666666666666666,55.275,6.209999999999998,7.291666666666667,37.5,False,0.0,9.6,1,,Saturday,14.109951965411254
2021-04-18,472.0,11.541666666666666,51.31375,6.209999999999998,7.25,54.166666666666664,False,0.0,11.5,1,,Sunday,14.190196892861579
2021-04-19,1016.0,11.166666666666666,52.88958333333333,6.209999999999998,5.5,108.33333333333333,False,0.0,11.3,1,,Monday,14.270193505381568
2021-04-20,1141.0,10.041666666666666,66.04833333333333,6.209999999999998,5.125,238.33333333333334,False,0.0,10.0,1,,Tuesday,14.349926569521573
2021-04-21,852.0,7.833333333333333,64.61375,6.158333333333332,15.833333333333334,288.75,False,0.0,7.7,1,,Wednesday,14.429380184153997
2021-04-22,941.0,7.375,56.477916666666665,6.209999999999998,10.041666666666666,313.75,False,0.0,7.6,1,,Thursday,14.508537754982447
2021-04-23,875.0,6.375000000000001,64.03750000000001,6.209999999999998,7.166666666666667,316.6666666666667,False,0.0,6.7,1,,Friday,14.587381969197704
2021-04-24,437.0,5.125,53.13541666666668,6.209999999999998,4.583333333333333,229.36856234167786,False,0.0,5.2,1,,Saturday,14.665894770344787
2021-04-25,405.0,4.499999999999999,56.383749999999985,6.209999999999998,6.291666666666667,255.41666666666666,False,0.0,4.4,1,,Sunday,14.744057333476194
2021-04-26,989.0,5.125,53.53916666666666,6.209999999999998,3.5,147.08333333333334,False,0.0,4.9,1,,Monday,14.821850040675635
2021-04-27,1068.0,5.375,58.73916666666668,6.209999999999998,3.75,127.4871246833557,False,0.0,5.2,1,,Tuesday,14.899252457044543
2021-04-28,1066.0,6.458333333333332,60.32458333333333,6.209999999999998,4.333333333333333,103.95189567501116,False,0.0,6.2,1,,Wednesday,14.976243307257763
2021-04-29,1030.0,8.25,65.8575,6.209999999999998,8.875,49.583333333333336,False,0.0,8.1,1,,Thursday,15.052800452802792
2021-04-30,503.0,7.75,58.24458333333333,6.209999999999998,5.0,114.58333333333333,True,0.0,7.9,1,,Friday,15.128900870031663
2021-05-01,509.0,6.625,75.82166666666667,6.054999999999997,5.333333333333333,123.33333333333333,False,0.0,6.7,1,,Saturday,15.204520629167236
2021-05-02,390.0,8.583333333333334,63.93375,6.080833333333332,6.083333333333333,106.66666666666667,False,0.0,8.4,1,,Sunday,15.279634874417601
2021-05-04,227.0,6.874999999999999,91.35000000000001,6.209999999999998,12.25,130.83333333333334,True,1.5,6.8,0,,Tuesday,15.428242659847713
2021-05-05,782.0,6.125,93.48499999999997,5.884166666666665,7.25,317.5,False,10.9,6.2,0,Light rain,Wednesday,15.501681698430644
2021-05-06,550.0,4.916666666666667,81.92291666666664,6.209999999999998,5.25,282.0833333333333,True,3.6,4.9,0,Light rain,Thursday,15.574506190858383
2021-05-13,569.0,11.458333333333334,87.67208333333332,5.822083333333332,4.333333333333333,281.25,True,0.0,11.3,1,None fog,Thursday,16.06444480652644
2021-05-14,684.0,11.625,94.59624999999998,4.79625,4.833333333333333,287.8092811708389,False,0.5,11.8,0,,Friday,16.131197172829324
2021-05-15,318.0,9.166666666666666,88.07583333333334,5.486666666666665,10.375,241.25,False,7.6,9.1,0,,Saturday,16.197030850689004
2021-05-16,409.0,9.666666666666666,85.19083333333334,5.750833333333332,5.125,95.83333333333333,False,3.0,9.8,0,None fog,Sunday,16.261907056508374
2021-05-17,832.0,10.083333333333334,92.21083333333333,5.139583333333332,3.875,176.66666666666666,False,0.0,10.1,1,,Monday,16.32578606930569
2021-05-18,1123.0,10.791666666666666,79.21833333333335,6.209999999999998,9.625,254.58333333333334,False,9.9,10.9,0,,Tuesday,16.38862726257932
2021-05-19,1124.0,10.166666666666666,79.31041666666668,6.158333333333331,11.791666666666666,257.3926145041723,False,0.0,10.1,1,,Wednesday,16.450389142256615
2021-05-20,1010.0,9.833333333333334,75.9325,6.209999999999998,15.333333333333334,251.25,False,0.0,10.0,1,,Thursday,16.511029391101122
2021-05-21,914.0,10.458333333333334,83.98583333333333,6.209999999999998,8.291666666666666,154.16666666666666,False,0.0,10.2,1,,Friday,16.570504919937886
2021-05-22,394.0,11.125,85.9775,6.054999999999997,10.333333333333334,154.58333333333334,True,2.8,11.2,0,,Saturday,16.628771926038603
2021-05-23,243.0,9.583333333333334,93.17208333333333,5.154583333333331,12.833333333333334,239.16666666666666,True,2.3,9.7,0,,Sunday,16.68578595898594
2021-05-24,530.0,10.75,81.37583333333333,6.184166666666665,10.333333333333334,136.25,True,7.6,10.6,0,,Monday,16.74150199429942
2021-05-25,925.0,11.583333333333334,89.23624999999997,5.848333333333332,9.041666666666666,95.41666666666667,False,0.0,11.7,1,Light rain,Tuesday,16.79587451506617
2021-05-26,999.0,10.666666666666666,83.42583333333333,6.158333333333331,11.958333333333334,76.25,False,9.4,10.6,0,,Wednesday,16.84885760176596
2021-05-27,1061.0,11.041666666666666,72.66708333333332,6.106666666666665,8.416666666666666,111.25,False,0.3,11.1,0,,Thursday,16.90040503042189
2021-05-28,1059.0,10.75,86.34249999999999,6.158333333333331,6.791666666666667,259.1666666666667,False,0.0,10.6,1,,Friday,16.95047037913451
2021-05-29,577.0,13.5,76.29,6.209999999999998,5.75,236.66666666666666,False,0.0,13.5,1,,Saturday,16.999007142975533
2021-05-30,583.0,14.541666666666666,77.03708333333334,4.620833333333333,3.2083333333333335,189.67784351251677,False,0.0,14.6,1,None fog,Sunday,17.045968857127473
2021-05-31,1144.0,12.833333333333334,84.3525,5.464166666666664,10.166666666666666,254.58333333333334,False,0.0,12.8,1,,Monday,17.09130922805112
2021-06-01,451.0,14.375,75.68833333333333,5.951666666666664,5.041666666666667,108.75,False,0.0,14.3,1,,Tuesday,17.13498227235339
2021-06-02,212.0,14.375,75.4475,6.209999999999998,11.375,85.0,False,0.0,14.4,0,,Wednesday,17.176942462906595
2021-06-04,726.0,16.833333333333332,72.05333333333336,6.209999999999998,7.833333333333333,101.66666666666667,False,0.8,17.1,0,,Friday,17.255545378340283
2021-06-05,917.0,18.083333333333332,66.21541666666668,6.132499999999999,6.416666666666667,98.33333333333333,False,0.0,17.9,1,,Saturday,17.29210073448896
2021-06-06,550.0,17.083333333333332,76.91333333333334,5.9774999999999965,4.0,237.08333333333334,False,0.0,17.2,1,,Sunday,17.326768831379674
2021-06-13,476.0,14.958333333333334,69.24124999999998,6.209999999999998,13.041666666666666,280.8333333333333,False,0.0,14.8,1,,Sunday,17.513374655862943
2021-07-01,418.0,17.125,76.62375,6.209999999999998,9.416666666666666,84.16666666666667,False,0.0,17.3,1,,Thursday,17.498271269044007
2021-07-02,182.0,19.958333333333332,81.81708333333334,6.209999999999998,4.916666666666667,140.72594783750557,False,1.0,19.8,0,Light drizzle,Friday,17.476259496686264
2021-07-04,748.0,19.541666666666668,84.7425,5.788749999999997,5.0,169.89261450417226,False,0.0,19.5,1,None mist,Sunday,17.42592268780536
2021-07-05,956.0,19.375,82.615,5.354166666666664,8.583333333333334,143.75,False,0.3,19.5,0,,Monday,17.397662529803313
2021-07-06,1041.0,17.416666666666668,87.4533333333333,6.029166666666665,9.791666666666666,147.91666666666666,False,1.8,17.2,0,,Tuesday,17.367387900047536
2021-08-01,430.0,15.291666666666666,78.67,6.062499999999999,15.25,260.0,False,0.0,15.4,1,,Sunday,16.01380043047894
2021-08-02,354.0,16.166666666666668,74.55833333333335,6.209999999999998,8.333333333333334,281.6666666666667,False,2.8,16.2,0,,Monday,15.945530772385915
2021-08-04,708.0,15.416666666666666,71.33874999999999,6.209999999999998,4.875,271.9759478375056,False,0.0,15.3,1,,Wednesday,15.80657534878399
2021-08-05,437.0,15.5,75.92541666666669,6.052083333333331,4.583333333333333,88.11856234167783,False,0.0,15.6,1,,Thursday,15.73595872122274
2021-08-06,1081.0,18.25,74.1225,6.132499999999999,12.875,105.83333333333333,False,0.0,18.2,1,,Friday,15.66462720892864
2021-09-01,271.0,15.416666666666666,90.67708333333333,3.877916666666666,3.4583333333333335,231.9759478375056,False,0.0,15.3,1,,Wednesday,13.644420717807018
2021-09-02,386.0,15.458333333333334,90.16625,4.592083333333331,9.041666666666666,196.66666666666666,False,0.0,15.4,1,,Thursday,13.562851935544854
2021-09-04,556.0,13.625,64.37083333333332,6.209999999999998,5.375,74.58333333333333,False,0.0,13.7,1,,Saturday,13.399274619921759
2021-09-05,369.0,13.25,71.83,6.209999999999998,3.9166666666666665,124.16666666666667,False,0.0,13.2,1,,Sunday,13.317286625304895
2021-09-06,1234.0,13.416666666666666,80.23583333333335,6.158333333333331,2.875,176.66666666666666,False,0.0,13.4,1,,Monday,13.235178755902105
2021-10-01,235.0,12.666666666666666,92.95958333333336,5.874166666666665,15.458333333333334,175.0,False,15.7,12.6,0,None rain,Friday,11.16651939931063
2021-10-02,399.0,12.958333333333334,92.38541666666669,6.080833333333331,8.375,163.33333333333334,False,8.4,12.9,0,,Saturday,11.083954108675936
2021-10-04,386.0,12.458333333333334,92.19083333333333,5.925833333333332,10.5,177.91666666666666,False,13.7,12.4,0,,Monday,10.919064514006381
2021-10-05,949.0,12.375,89.54166666666664,6.209999999999998,9.208333333333334,115.83333333333333,False,2.3,12.4,0,Light rain,Tuesday,10.836756651133632
2021-10-06,1232.0,12.208333333333334,92.58999999999999,6.080833333333331,3.7083333333333335,223.64261450417226,False,2.8,12.1,0,,Wednesday,10.754551525805327
2021-11-01,389.0,10.625,88.36958333333331,6.080833333333332,12.0,170.0,False,4.8,10.8,0,,Monday,8.692332846813555
2021-11-02,401.0,7.75,92.24,4.6483333333333325,5.166666666666667,153.75,False,0.0,7.8,1,None fog,Tuesday,8.61795600617715
2021-11-04,217.0,3.8333333333333335,99.18291666666669,1.78,1.4583333333333333,153.33333333333334,False,0.0,3.8,1,,Thursday,8.470935524793031
2021-11-05,1060.0,8.375,83.06333333333335,6.209999999999998,10.708333333333334,282.0833333333333,False,0.0,8.3,1,,Friday,8.398349098452925
2021-11-06,957.0,10.0,92.30541666666666,5.760416666666665,13.333333333333334,237.5,False,0.0,10.0,1,Light rain,Saturday,8.326418360924622
2021-12-01,490.0,-0.8333333333333336,97.64333333333333,2.425,15.208333333333334,77.08333333333333,False,0.5,-0.8,0,Light snow,Wednesday,6.849079503639157
2021-12-02,377.0,-1.5833333333333333,82.91124999999998,6.080833333333332,5.958333333333333,301.25,False,9.1,-1.5,0,,Thursday,6.8077732513996185
2021-12-04,754.0,0.8333333333333323,94.21916666666665,5.467916666666665,10.708333333333334,81.66666666666667,False,4.3,0.8,0,,Saturday,6.730527847701236
2021-12-05,909.0,-1.0000000000000002,85.76666666666667,6.209999999999998,11.958333333333334,60.0,False,0.0,-0.9,1,,Sunday,6.694675342490114
2021-12-06,426.0,-0.7916666666666664,79.39249999999998,6.209999999999998,10.041666666666666,99.16666666666667,False,0.0,-0.8,1,,Monday,6.660725572664621
2022-01-05,495.0,1.8333333333333333,81.97750000000002,5.832499999999999,8.958333333333334,304.1666666666667,False,6.1,1.9,0,,Wednesday,6.644476872526388
2022-01-06,1602.0,-1.1666666666666667,83.86541666666666,6.209999999999998,3.9583333333333335,225.83333333333334,False,0.0,-1.4,1,,Thursday,6.677460061904343
2022-01-07,837.0,1.9166666666666667,94.26208333333335,5.977499999999998,10.25,185.41666666666666,False,2.0,2.1,0,,Friday,6.712366327788235
2022-01-08,760.0,1.2499999999999998,97.11083333333333,5.242916666666665,7.916666666666667,188.33333333333334,False,0.8,1.1,0,,Saturday,6.7491546540610745
2022-01-09,1827.0,1.6666666666666663,96.56083333333332,3.619999999999999,12.541666666666666,114.16666666666667,False,3.6,1.6,0,,Sunday,6.787782775230871
2022-01-10,372.0,2.4583333333333335,88.03666666666668,6.132499999999998,9.625,113.33333333333333,False,10.9,2.5,0,,Monday,6.828207347216042
2022-02-05,1767.0,4.166666666666667,87.43208333333335,4.956249999999999,16.75,245.83333333333334,False,4.6,4.1,0,Light rain,Saturday,8.362299847113997
2022-02-06,1151.0,2.2916666666666665,92.18916666666668,5.729166666666664,11.583333333333334,254.58333333333334,False,5.6,2.3,0,,Sunday,8.434562256142462
2022-02-07,438.0,4.25,79.46625000000002,6.209999999999998,13.666666666666666,282.9166666666667,False,5.1,4.2,0,,Monday,8.507465172186963
2022-02-08,658.0,5.75,87.88541666666669,5.307499999999998,15.5,255.83333333333334,False,1.5,5.8,0,,Tuesday,8.580978988503325
2022-02-09,2184.0,4.875000000000001,88.09375,6.106666666666666,14.916666666666666,246.66666666666666,False,0.3,4.9,0,,Wednesday,8.655075099359918
2022-02-10,440.0,3.625,86.40833333333335,6.018749999999998,12.5,243.33333333333334,False,1.0,3.4,0,,Thursday,8.729725888276512
2022-03-05,1746.0,0.45833333333333304,79.47833333333334,6.209999999999998,3.5416666666666665,199.58333333333334,False,0.0,0.4,1,,Saturday,10.54954803493492
2022-03-06,1165.0,1.7916666666666667,80.455,5.371249999999997,3.7916666666666665,227.08333333333334,False,0.0,1.8,1,,Sunday,10.631456225216793
2022-03-07,371.0,0.7499999999999999,91.71541666666667,4.174583333333333,4.916666666666667,222.5,False,0.0,0.8,1,None mist,Monday,10.71349028483009
2022-03-08,815.0,2.2083333333333335,92.94958333333334,3.641666666666667,6.208333333333333,201.66666666666666,False,0.8,2.2,0,None fog,Tuesday,10.795640692495587
2022-03-09,656.0,0.041666666666666276,98.26375,1.5279166666666668,7.333333333333333,114.16666666666667,False,0.0,0.1,1,None mist,Wednesday,10.87789828906713
2022-04-05,1729.0,3.5,69.04041666666667,6.209999999999998,11.5,282.9166666666667,False,8.9,3.6,0,,Tuesday,13.111812417498827
2022-04-06,540.0,3.666666666666666,94.34291666666667,4.916249999999999,8.125,192.08333333333334,True,0.3,3.7,0,,Wednesday,13.194082785771895
2022-04-07,766.0,4.833333333333333,93.14416666666666,4.884166666666665,9.708333333333334,230.41666666666666,False,9.4,4.9,0,Light rain,Thursday,13.27624708578006
2022-04-08,716.0,2.916666666666666,76.88416666666667,6.106666666666665,9.083333333333334,290.0,False,11.2,2.6,0,,Friday,13.358296201934117
2022-04-09,613.0,4.916666666666666,68.62750000000001,6.209999999999998,17.0,292.5,False,0.3,4.9,0,,Saturday,13.440220659554246
2022-04-21,1634.0,11.833333333333334,59.05666666666667,6.209999999999998,8.708333333333334,56.25,False,0.0,11.8,1,,Thursday,14.409543874302843
2022-04-22,1542.0,12.333333333333334,56.06791666666667,6.209999999999998,10.375,62.083333333333336,False,0.0,12.1,1,,Friday,14.488777050659769
2022-04-23,492.0,10.75,58.70208333333333,6.209999999999998,10.833333333333334,52.916666666666664,False,0.0,10.6,1,,Saturday,14.567701267345281
2022-04-24,441.0,8.5,64.69375000000001,6.184166666666665,10.125,45.833333333333336,False,1.8,8.7,0,,Sunday,14.646298656157551
2022-04-25,1707.0,7.291666666666667,62.06791666666667,6.209999999999998,5.375,207.5,False,0.0,7.4,1,,Monday,14.724550586582945
2022-04-26,1746.0,8.583333333333334,75.18625000000002,6.209999999999998,5.083333333333333,201.9759478375056,False,0.0,8.6,1,,Tuesday,14.802437641218203
2022-04-27,1787.0,8.5,66.01166666666666,6.209999999999998,4.166666666666667,146.45189567501117,False,0.0,8.8,1,,Wednesday,14.879939591632693
2022-04-28,1673.0,8.791666666666666,72.01541666666667,6.209999999999998,8.5,273.75,False,0.0,8.8,1,,Thursday,14.957035374770383
2022-04-29,1487.0,7.958333333333333,79.49958333333335,5.492083333333331,5.583333333333333,289.8926145041723,False,0.0,8.0,1,,Friday,15.033703070007093
2022-04-30,479.0,8.75,65.7625,6.209999999999998,3.25,188.53522900834454,False,0.0,8.6,1,,Saturday,15.109919876987053
2022-05-05,1649.0,8.875,82.49208333333333,6.106666666666665,10.083333333333334,250.83333333333334,False,0.0,8.7,1,,Thursday,15.483378413162084
2022-05-06,504.0,11.666666666666666,82.40333333333332,6.057499999999998,12.083333333333334,248.33333333333334,True,0.3,11.6,0,Light rain,Friday,15.556359290230052
2022-05-07,827.0,10.458333333333334,73.70458333333333,6.209999999999998,11.958333333333334,274.1666666666667,False,0.0,10.6,1,,Saturday,15.628703416214032
2022-05-08,893.0,9.916666666666666,53.04,6.209999999999998,5.583333333333333,151.66666666666666,False,0.0,9.9,1,,Sunday,15.70038030066513
2022-05-09,2431.0,12.166666666666666,58.590833333333336,6.209999999999998,7.333333333333333,146.25,False,0.0,12.1,1,,Monday,15.77135843657043
2022-05-13,578.0,11.166666666666666,82.98874999999998,6.132499999999998,15.208333333333334,241.25,True,0.3,11.2,0,,Friday,16.047617623409305
2022-05-14,369.0,11.0,73.58708333333335,6.209999999999998,17.166666666666668,277.9166666666667,False,0.3,11.1,0,,Saturday,16.11459371430414
2022-05-15,440.0,11.208333333333334,80.49374999999999,6.209999999999998,6.875,267.0833333333333,False,0.0,11.2,1,None fog,Sunday,16.180660663003213
2022-05-16,776.0,10.541666666666666,78.16583333333332,4.481666666666665,4.333333333333333,88.75,False,0.0,10.5,1,,Monday,16.245779924557333
2022-05-17,648.0,12.791666666666666,55.69499999999999,6.209999999999998,9.583333333333334,90.41666666666667,False,0.0,12.4,1,,Tuesday,16.309912009573335
2022-05-18,2875.0,15.291666666666666,64.69500000000001,6.209999999999998,9.041666666666666,131.66666666666666,False,0.0,15.3,1,,Wednesday,16.373016514615685
2022-05-19,2568.0,13.75,84.96916666666667,4.932499999999998,3.7083333333333335,165.0,False,0.0,13.8,1,,Thursday,16.435052158599778
2022-05-20,1891.0,13.0,79.68291666666669,6.106666666666665,9.25,265.4166666666667,False,5.3,13.0,0,,Friday,16.495976825550443
2022-05-21,514.0,11.541666666666666,80.23333333333335,6.184166666666665,6.333333333333333,285.4166666666667,False,1.3,11.4,0,,Saturday,16.5557476140888
2022-05-22,498.0,12.75,74.83208333333333,6.209999999999998,6.541666666666667,233.11856234167783,False,0.3,12.8,0,,Sunday,16.614320893997434
2022-05-23,1677.0,14.5,69.66458333333334,6.209999999999998,12.958333333333334,120.83333333333333,False,0.0,14.3,1,,Monday,16.67165237018645
2022-05-24,1161.0,13.125,85.73625,5.589166666666664,12.041666666666666,177.5,False,1.5,13.3,0,,Tuesday,16.72769715435492
2022-05-25,1391.0,12.791666666666666,79.45,5.834999999999998,13.166666666666666,227.08333333333334,False,2.8,12.9,0,Light rain,Wednesday,16.782409844599577
2022-05-26,561.0,12.166666666666666,75.125,5.752083333333331,17.125,262.5,True,0.0,12.3,1,None rain,Thursday,16.83574461317713
2022-05-27,728.0,10.75,71.83583333333334,6.209999999999998,16.791666666666668,281.25,False,2.3,10.9,0,,Friday,16.887655302565285
2022-05-28,484.0,13.208333333333334,65.67416666666668,6.158333333333331,7.458333333333333,295.8333333333333,False,0.0,13.2,1,,Saturday,16.938095529899083
2022-05-29,425.0,12.291666666666666,77.54458333333334,5.304999999999997,8.666666666666666,228.33333333333334,False,0.0,12.2,1,,Sunday,16.987018799782255
2022-05-30,1417.0,10.958333333333334,75.41666666666664,6.209999999999998,4.833333333333333,278.75,False,0.0,11.0,1,,Monday,17.03437862538171
2022-05-31,1473.0,11.916666666666666,73.65958333333333,6.209999999999998,6.041666666666667,297.0833333333333,False,0.0,11.8,1,,Tuesday,17.08012865761388
2022-06-05,1512.0,15.166666666666666,75.42208333333333,5.457499999999999,6.416666666666667,192.39261450417226,False,0.0,15.2,1,,Sunday,17.283137201139915
2022-06-06,524.0,15.166666666666666,85.36583333333334,5.697916666666664,9.458333333333334,99.58333333333333,True,0.0,15.1,1,None mist,Monday,17.318280994918457
2022-06-07,852.0,13.625,89.57125000000002,5.034583333333332,9.833333333333334,123.33333333333333,False,1.8,13.7,0,,Tuesday,17.351506764987537
2022-06-08,515.0,14.375,83.01291666666668,6.106666666666665,9.125,241.25,False,0.8,14.6,0,,Wednesday,17.38277473011269
2022-06-09,2425.0,14.666666666666666,91.3725,5.434166666666665,7.416666666666667,124.16666666666667,False,0.0,14.6,1,,Thursday,17.412046682920213
2022-06-13,1331.0,13.291666666666666,75.61666666666666,6.209999999999998,14.5,276.25,False,0.3,13.3,0,,Monday,17.50847490996214
2022-06-14,1397.0,14.875,72.70416666666668,6.209999999999998,13.333333333333334,278.3333333333333,False,0.3,14.8,0,,Tuesday,17.527260703014093
2022-06-15,1406.0,14.416666666666666,76.48625,6.209999999999998,10.541666666666666,259.5833333333333,False,0.0,14.6,1,,Wednesday,17.543863723471688
2022-06-16,1429.0,15.875,71.73291666666667,6.209999999999998,11.541666666666666,274.5833333333333,False,0.0,15.8,1,,Thursday,17.558261383488595
2022-06-17,1229.0,16.125,83.34458333333333,5.951666666666665,10.416666666666666,224.58333333333334,False,0.0,16.1,1,,Friday,17.570433899173356
2022-06-18,525.0,15.208333333333334,69.70541666666666,6.209999999999998,12.458333333333334,272.9166666666667,False,2.3,15.3,0,,Saturday,17.58036440038676
2022-06-19,496.0,14.041666666666666,71.78124999999999,6.209999999999998,6.0,241.25,False,0.0,14.1,1,,Sunday,17.588039025739157
2022-06-20,1368.0,14.0,79.55708333333335,5.842916666666665,3.8333333333333335,194.4759478375056,False,0.8,13.9,0,,Monday,17.593447001593
2022-06-21,1398.0,15.875,74.24541666666669,6.209999999999998,14.541666666666666,257.0833333333333,False,0.8,15.8,0,,Tuesday,17.59658070405889
2022-06-22,1326.0,15.208333333333334,78.97875,5.798749999999997,12.708333333333334,260.0,False,0.0,15.0,1,,Wednesday,17.597435703180395
2022-06-23,1367.0,16.291666666666668,83.17083333333333,6.158333333333331,7.541666666666667,207.08333333333334,False,0.0,16.3,1,,Thursday,17.596010788727693
2022-06-24,1305.0,20.458333333333332,68.42416666666666,5.224166666666664,12.75,109.16666666666667,False,0.3,20.1,0,,Friday,17.59230797725955
2022-06-25,631.0,20.708333333333332,77.37458333333332,5.762499999999998,5.208333333333333,162.48712468335566,False,0.0,20.8,1,None mist,Saturday,17.586332500359894
2022-06-26,451.0,19.375,84.68416666666666,5.377083333333331,7.166666666666667,166.66666666666666,False,0.0,19.6,1,,Sunday,17.578092774204933
2022-06-27,774.0,14.666666666666666,94.12333333333335,4.947499999999999,5.291666666666667,201.25,False,23.6,14.8,0,,Monday,17.5676003508621
2022-06-28,1149.0,16.458333333333332,78.62333333333333,6.209999999999998,6.333333333333333,248.75,False,23.6,16.5,0,,Tuesday,17.554869851958507
2022-06-29,1148.0,18.208333333333332,68.33208333333333,6.054999999999999,5.625,129.58333333333334,False,0.0,18.0,1,,Wednesday,17.5399188855773
2022-06-30,1195.0,20.458333333333332,63.907916666666665,6.209999999999998,4.416666666666667,81.14261450417224,False,0.0,20.3,1,,Thursday,17.522767947441576
2022-07-05,470.0,14.5,79.00458333333334,6.080833333333332,12.416666666666666,252.91666666666666,False,3.0,14.5,0,,Tuesday,17.40491784628421
2022-07-06,1227.0,15.041666666666666,75.69958333333334,5.778333333333332,11.666666666666666,259.5833333333333,False,2.3,15.1,0,,Wednesday,17.37514340103652
2022-07-07,620.0,16.916666666666668,78.01291666666668,5.948749999999998,9.333333333333334,284.5833333333333,False,2.3,16.9,0,,Thursday,17.343382338292724
2022-07-08,554.0,15.75,77.2775,6.209999999999998,13.625,280.8333333333333,False,0.0,15.9,1,,Friday,17.309673275137694
2022-07-09,2327.0,15.166666666666666,71.12958333333334,6.209999999999998,15.875,287.9166666666667,False,0.0,15.2,1,,Saturday,17.274056359171748
2022-07-13,701.0,17.5,73.45833333333331,6.054999999999999,15.833333333333334,259.5833333333333,False,0.0,17.6,1,,Wednesday,17.113357023928696
2022-07-14,596.0,14.583333333333334,72.19708333333334,5.997916666666665,15.125,277.5,False,0.0,14.8,1,,Thursday,17.068844593402165
2022-07-15,593.0,14.458333333333334,70.55833333333334,6.209999999999998,11.958333333333334,279.5833333333333,False,1.0,14.5,0,,Friday,17.022687780213882
2022-07-16,405.0,15.125,70.77499999999999,6.209999999999998,10.666666666666666,283.3333333333333,False,1.0,15.2,0,,Saturday,16.97493274065375
2022-07-17,343.0,16.416666666666668,77.32625,6.209999999999998,13.708333333333334,270.4166666666667,False,0.0,16.3,1,,Sunday,16.925625870786334
2022-07-18,561.0,18.291666666666668,84.05416666666666,6.029166666666664,9.916666666666666,234.16666666666666,False,0.3,18.2,0,,Monday,16.87481367138511
2022-07-19,688.0,21.375,68.63708333333331,5.607916666666664,5.666666666666667,196.25,False,0.5,21.4,0,,Tuesday,16.822542620744834
2022-07-20,627.0,25.958333333333332,54.78791666666667,6.132499999999998,10.208333333333334,151.66666666666666,False,0.0,26.0,1,,Wednesday,16.768859055644366
2022-07-21,648.0,19.875,83.29125000000002,5.219999999999998,8.041666666666666,239.58333333333334,False,0.0,20.0,1,,Thursday,16.713809060624847
2022-07-22,546.0,17.625,87.54041666666667,5.744999999999997,7.541666666666667,280.3092811708389,False,0.0,17.7,1,,Friday,16.65743836564885
2022-07-23,361.0,16.5,84.49083333333334,5.925833333333332,6.625,299.1666666666667,False,0.0,16.5,1,,Saturday,16.599792252125376
2022-07-24,366.0,17.625,77.24291666666666,6.209999999999998,9.416666666666666,209.16666666666666,False,0.0,17.6,1,,Sunday,16.54091546720178
2022-07-25,415.0,18.291666666666668,91.43624999999997,5.3720833333333315,10.791666666666666,198.33333333333334,False,2.5,18.5,0,,Monday,16.48085214616256
2022-07-26,527.0,14.666666666666666,76.69291666666668,6.158333333333332,18.583333333333332,272.0833333333333,False,28.2,14.7,0,,Tuesday,16.419645742718007
2022-07-27,629.0,15.333333333333334,74.7825,6.209999999999998,10.625,278.75,False,1.0,15.4,0,,Wednesday,16.357338966916778
2022-07-28,617.0,15.208333333333334,77.2625,6.209999999999998,5.5,284.0592811708389,False,0.0,15.1,1,,Thursday,16.293973730382145
2022-07-29,697.0,16.5,74.65916666666668,5.8041666666666645,5.958333333333333,103.75,False,0.0,16.4,1,,Friday,16.22959109853973
2022-07-30,429.0,18.208333333333332,77.51125,5.785833333333332,6.041666666666667,125.0,False,0.0,18.3,1,,Saturday,16.164231249485944
2022-07-31,343.0,17.25,87.80916666666666,5.102916666666666,4.75,195.83333333333334,False,0.3,17.2,0,Light rain,Sunday,16.097933439127708
2022-08-05,443.0,15.208333333333334,70.53125,6.209999999999998,12.0,275.0,False,0.0,15.3,0,,Friday,15.753681171670205
2022-08-06,1283.0,14.75,71.92833333333333,6.209999999999998,14.583333333333334,270.4166666666667,False,0.0,14.8,1,,Saturday,15.682525339061668
2022-08-07,698.0,14.75,83.49125,6.080833333333332,8.791666666666666,232.91666666666666,False,0.0,14.6,0,,Sunday,15.610678730251298
2022-08-08,983.0,16.166666666666668,78.24916666666665,6.080833333333331,6.5,258.75,False,0.0,16.2,1,,Monday,15.538172597589467
2022-08-09,2149.0,16.666666666666668,82.05458333333334,6.209999999999998,6.333333333333333,242.08333333333334,False,0.0,16.7,1,,Tuesday,15.465037178399001
2022-08-13,529.0,21.25,67.68916666666665,6.052083333333331,4.458333333333333,101.66666666666667,False,0.0,21.1,1,,Saturday,15.166772363419899
2022-08-14,517.0,21.583333333333332,63.883333333333326,6.209999999999998,5.875,106.25,False,0.0,21.7,1,,Sunday,15.090909226591647
2022-08-15,1295.0,21.875,79.00625,6.209999999999998,8.625,96.25,False,0.0,21.8,1,,Monday,15.014577511095442
2022-08-16,1024.0,21.041666666666668,88.52791666666667,5.693333333333332,5.791666666666667,165.0,False,0.0,21.1,0,,Tuesday,14.937800691085208
2022-08-17,1336.0,19.25,82.25291666666665,5.532916666666664,6.916666666666667,257.5,False,0.0,19.4,0,,Wednesday,14.860601344953936
2022-08-18,1032.0,15.958333333333334,86.56791666666665,6.132499999999999,3.6666666666666665,289.4759478375056,False,0.3,15.9,0,,Thursday,14.783001176822813
2022-08-19,1189.0,18.0,77.44333333333333,6.209999999999998,3.0833333333333335,182.37973918752792,False,1.0,17.9,0,,Friday,14.705021038913115
2022-08-20,516.0,17.458333333333332,73.26875,6.209999999999998,6.708333333333333,261.9759478375056,False,0.0,17.7,1,,Saturday,14.626680954663698
2022-08-21,391.0,16.416666666666668,79.48708333333336,6.209999999999998,9.041666666666666,219.16666666666666,False,0.0,16.4,1,,Sunday,14.548000142473281
2022-08-22,1308.0,15.708333333333334,72.49125,6.209999999999998,3.8333333333333335,165.41666666666666,False,3.0,15.8,0,,Monday,14.468997039958428
2022-08-23,1386.0,18.541666666666668,69.70166666666667,6.209999999999998,10.875,104.58333333333333,False,0.0,18.1,1,,Tuesday,14.389689328625732
2022-08-24,1299.0,19.541666666666668,73.15416666666665,6.209999999999998,9.083333333333334,118.75,False,0.0,19.7,1,,Wednesday,14.310093958871638
2022-08-25,1348.0,19.708333333333332,75.41250000000001,5.667916666666664,8.583333333333334,109.16666666666667,False,0.0,19.7,1,,Thursday,14.230227175229258
2022-08-26,1056.0,19.708333333333332,88.03250000000001,5.747083333333332,6.541666666666667,151.25,False,0.0,19.8,1,None mist,Friday,14.150104541794276
2022-08-27,549.0,18.125,84.45249999999999,5.902499999999997,4.0,289.5833333333333,False,0.0,18.2,0,None fog,Saturday,14.069740967765695
2022-08-28,294.0,17.416666666666668,90.35666666666667,5.24833333333333,4.5,176.66666666666666,False,2.5,17.4,0,,Sunday,13.989150733048472
2022-08-29,1557.0,15.083333333333334,71.00708333333334,6.209999999999998,6.875,142.08333333333334,False,3.8,15.3,0,,Monday,13.908347513872256
2022-08-30,1581.0,14.791666666666666,71.90500000000002,6.106666666666665,3.9583333333333335,128.64261450417226,False,0.0,14.7,1,,Tuesday,13.827344408383139
2022-08-31,1634.0,14.416666666666666,68.05041666666666,6.209999999999998,4.791666666666667,159.58333333333334,False,0.0,14.3,1,,Wednesday,13.746153962175992
2022-09-05,1764.0,15.25,81.11625000000001,6.209999999999998,10.041666666666666,93.75,False,0.0,15.4,1,,Monday,13.337795233162769
2022-09-06,1182.0,15.208333333333334,72.76958333333334,6.209999999999998,10.708333333333334,97.5,False,0.0,15.2,1,,Tuesday,13.255716447236937
2022-09-07,351.0,15.5,74.4554166666667,6.209999999999998,11.583333333333334,94.16666666666667,False,0.0,15.4,1,Light rain,Wednesday,13.17352478906912
2022-09-08,1082.0,16.208333333333332,69.19125000000003,6.209999999999998,17.166666666666668,91.66666666666667,False,0.5,16.2,0,,Thursday,13.09122928827
2022-09-09,1147.0,14.166666666666666,93.69208333333331,3.6962499999999996,11.166666666666666,80.41666666666667,False,7.1,14.2,0,None mist,Friday,13.008838645629385
2022-09-13,1894.0,14.583333333333334,84.75833333333334,6.132499999999999,17.666666666666668,256.6666666666667,False,14.2,14.6,0,,Tuesday,12.678488504209865
2022-09-14,2217.0,14.333333333333334,76.83666666666666,6.158333333333331,14.208333333333334,272.5,False,1.3,14.2,0,,Wednesday,12.595742827677242
2022-09-15,2172.0,13.125,71.46875,6.209999999999998,12.875,284.5833333333333,False,0.0,13.2,1,,Thursday,12.512948642561126
2022-09-16,1955.0,13.541666666666666,75.70166666666665,6.209999999999998,6.125,295.0,False,0.0,13.6,1,,Friday,12.430113011574885
2022-09-17,621.0,12.458333333333334,76.41791666666666,5.970833333333331,4.666666666666667,255.30928117083894,False,0.0,12.6,1,,Saturday,12.347242856516274
2022-09-18,534.0,11.75,78.92041666666665,6.080833333333332,5.916666666666667,287.3926145041723,False,2.3,11.7,0,Light rain,Sunday,12.264344981197915
2022-09-19,2289.0,11.166666666666666,73.03624999999998,6.209999999999998,4.958333333333333,273.2259478375056,False,0.0,11.3,1,,Monday,12.181426094295118
2022-09-20,2279.0,10.375,77.33041666666666,5.956249999999998,4.291666666666667,168.33333333333334,False,0.5,10.6,0,None fog,Tuesday,12.098492832128219
2022-09-21,2271.0,9.958333333333334,83.66666666666667,5.699999999999998,3.9166666666666665,227.08333333333334,False,0.0,9.9,1,,Wednesday,12.015551781393189
2022-09-22,2239.0,12.125,83.15458333333332,6.209999999999998,5.916666666666667,206.66666666666666,False,0.3,12.1,0,,Thursday,11.932609501858462
2022-09-23,1905.0,12.583333333333334,83.80666666666666,5.7420833333333325,6.625,177.91666666666666,False,0.0,12.7,1,,Friday,11.849672549041381
2022-09-24,569.0,12.625,86.98791666666666,3.7704166666666663,4.166666666666667,215.41666666666666,False,3.3,12.7,0,None fog,Saturday,11.76674749688163
2022-09-25,477.0,11.166666666666666,88.05541666666666,4.421666666666665,4.083333333333333,230.30928117083894,False,0.0,11.1,1,Light drizzle,Sunday,11.683840960428986
2022-09-26,1502.0,11.0,95.43124999999998,4.473333333333332,11.583333333333334,169.16666666666666,False,3.0,11.0,0,Light rain,Monday,11.6009596185589
2022-09-27,1536.0,10.708333333333334,97.58749999999999,4.2974999999999985,3.8333333333333335,99.58333333333333,False,14.5,10.8,0,,Tuesday,11.518110236733897
2022-09-28,1491.0,11.458333333333334,93.29458333333332,5.333333333333331,8.833333333333334,67.5,False,20.8,11.4,0,,Wednesday,11.435299689824772
2022-09-29,1893.0,10.916666666666666,78.99833333333335,6.209999999999998,9.166666666666666,36.666666666666664,False,12.7,10.9,0,,Thursday,11.35253498500886
2022-09-30,1616.0,10.458333333333334,91.05833333333332,5.713333333333331,7.041666666666667,108.75,False,4.8,10.5,0,,Friday,11.269823284757406
2022-10-02,1341.0,10.999999999999998,87.47000000000001,6.209999999999998,10.0,290.0,False,0.3,14.8,0,,Sunday,11.104588462971078
2022-10-02,1235.0,10.999999999999998,87.47000000000001,6.209999999999998,10.0,290.0,False,4.3,13.1,0,,Sunday,11.104588462971078
2022-10-02,395.0,10.999999999999998,87.47000000000001,6.209999999999998,10.0,290.0,False,0.5,14.4,0,,Sunday,11.104588462971078
2022-10-02,1119.0,10.999999999999998,87.47000000000001,6.209999999999998,10.0,290.0,False,5.3,10.9,0,,Sunday,11.104588462971078
2022-10-02,510.0,10.999999999999998,87.47000000000001,6.209999999999998,10.0,290.0,False,0.5,10.7,0,,Sunday,11.104588462971078
